,duration_minutes,difficulty
count,6.0,6.0
mean,180.0,2.6666666666666665
std,65.72670690061993,1.0327955589886446
min,120.0,2.0
25%,120.0,2.0
50%,180.0,2.0
75%,240.0,3.5
max,240.0,4.0
